campaign_name,campaign_id,signals_count,signals_agree,divergence_details
2015 Ukraine Electric Power Attack,campaign--46421788-b6e1-4256-b351-f8beffd1afba,3,True,
2016 Ukraine Electric Power Attack,campaign--aa73efef-1418-4dbe-b43c-87a498e97234,3,True,
2022 Ukraine Electric Power Attack,campaign--df8eb785-70f8-4300-b444-277ba849083d,3,True,
3CX Supply Chain Attack,campaign--4fd53ccc-c6b1-4e3c-abe8-a456d46d789e,2,True,
APT28 Nearest Neighbor Campaign,campaign--a010610e-22cb-437e-bfde-b78861bdca7a,3,True,
APT41 DUST,campaign--add4d9de-1256-4166-83b8-57087288dced,2,True,
ArcaneDoor,campaign--a543ef15-91ea-4aa9-9c10-267d56e1ee82,2,True,
C0010,campaign--ab747e62-1bcb-479f-a26b-1cd39d413d81,2,True,
C0011,campaign--b4e5a4a9-f3be-4631-ba8f-da6ebb067fac,2,True,
C0015,campaign--78068e68-4124-4243-b6f4-76e4e5be8a06,3,True,
C0017,campaign--ba6dfa37-f401-4140-88b0-8938f2895e61,3,True,
C0018,campaign--519ee082-8ab6-439b-988f-a8a3f02c8d30,3,True,
C0021,campaign--712e38c3-a656-426a-9b3b-a6bfb63294c6,2,True,
C0026,campaign--c89fa3ff-4773-4daf-8aec-d8f43f10116e,2,True,
C0027,campaign--df74f7ad-b10d-431c-9f1d-a2bc18dadefa,3,True,
C0032,campaign--7ec2826c-0bf0-4b47-acae-fd683431a4ca,3,True,
C0033,campaign--a82bc5ad-5f95-4c6a-9f25-aaf6f476a3c4,1,True,single_signal
CostaRicto,campaign--f9cc545e-b0ef-4b92-8884-a3a4427609f6,2,True,
Cutting Edge,campaign--4fdd2487-26c1-494e-8702-ec5abe9aa1d9,3,True,
FLORAHOX Activity,campaign--f494272a-c110-4574-be90-42c4957f7ae7,2,True,
Frankenstein,campaign--26d9ebae-de59-427f-ae9a-349456bae4b1,2,True,
FrostyGoop Incident,campaign--1169ff24-b35f-4d8d-8cf3-643a2834227f,2,True,
FunnyDream,campaign--8d2bc130-89fe-466e-a4f9-6bce6129c2b8,2,True,
HomeLand Justice,campaign--7e21077d-2589-43a7-a5f9-490061289526,3,True,
Indian Critical Infrastructure Intrusions,campaign--4b7f9839-4822-4c19-8a1f-70bb61ba97e1,2,True,
J-magic Campaign,campaign--58c4fd17-88f5-433a-8242-e9cac31f3c45,1,True,single_signal
Juicy Mix,campaign--7ab2f1a1-26af-4204-ad84-d640fde391da,3,True,
KV Botnet Activity,campaign--0c259854-4044-4f6c-ac49-118d484b3e3b,1,True,single_signal
Leviathan Australian Intrusions,campaign--b66bc597-399c-4e4d-828a-1ed4a7f1fb15,2,True,
Night Dragon,campaign--ae407e32-87e0-4d92-8705-3ae25d504d8a,3,True,
Operation CuckooBees,campaign--93c23946-49af-41f4-ac03-40f9ffc7419b,3,True,
Operation Dream Job,campaign--0257b35b-93ef-4a70-80dd-ad5258e6045b,3,True,
Operation Dust Storm,campaign--4603cf2f-06d0-4970-9c5d-5071b08c817f,2,True,
Operation Ghost,campaign--7854c1a0-f06c-4876-98a4-4bbd34751b05,2,True,
Operation Honeybee,campaign--4553292d-12c6-4a93-934d-12160370d4e0,2,True,
Operation MidnightEclipse,campaign--455b011a-2510-49ab-a96f-2f84d6a80189,3,False,"technique_platforms=['ESXi', 'Linux', 'Windows', 'macOS'] vs software_platforms=['Linux'] vs tactic_implied=['Windows']"
Operation Sharpshooter,campaign--37764c78-2a99-46d1-a7ea-6454b9bf93a0,2,True,
Operation Spalax,campaign--4c840263-bbda-440d-a22b-674679ddebf1,2,True,
Operation Wocao,campaign--b03d5112-e23a-4ac8-add0-be7502d24eff,3,True,
Outer Space,campaign--a1f5df89-ec82-45ef-b229-4ca6a407dc4f,2,True,
Pikabot Distribution February 2024,campaign--81e89fb4-8d07-4d8a-82f4-bf084f9d5d53,2,True,
Quad7 Activity,campaign--e7511089-1076-4a3b-984d-1a0a8afe31e9,3,True,
RedDelta Modified PlugX Infection Chain Operations,campaign--276671b5-5425-48db-ad65-c8c2564a969b,2,True,
RedPenguin,campaign--35879bf3-0a21-4cc1-9e42-6de917a22501,3,False,"technique_platforms=['ESXi', 'Linux', 'Windows', 'macOS'] vs software_platforms=['Linux'] vs tactic_implied=['Windows']"
SPACEHOP Activity,campaign--83e1f587-34da-44cc-b65b-a72479cb1616,1,True,single_signal
Salesforce Data Exfiltration,campaign--9cea8bec-07c5-422b-84b8-99d3128ce570,2,True,
ShadowRay,campaign--57899965-b171-48ed-bbb4-8faffa3d836a,2,True,
SharePoint ToolShell Exploitation,campaign--1a0576df-df21-4775-843e-844d8a58a94b,3,True,
SolarWinds Compromise,campaign--808d6b30-df4e-4341-8248-724da4bac650,3,True,
Triton Safety Instrumented System Attack,campaign--45a98f02-852f-49b2-94c0-c63207bebbbf,3,True,
Versa Director Zero Day Exploitation,campaign--af0ec65a-caa9-40ef-b1c7-21b71fbf3a10,2,True,
Water Curupira Pikabot Distribution,campaign--57541e3b-657e-463a-a4ab-ca08d7ea9965,2,True,
